[
    {
        "name": "350 mV - Unstable",
        "hex": "305705",
        "color": "Orange"
    },
    {
        "name": "400 mV - Unstable",
        "hex": "801a06",
        "color": "Orange"
    },
    {
        "name": "450 mV - Unstable",
        "hex": "d0dd06",
        "color": "Orange"
    },
    {
        "name": "500 mV - Unstable",
        "hex": "20a107",
        "color": "Orange"
    },
    {
        "name": "550 mV - Unstable",
        "hex": "706408",
        "color": "Orange"
    },
    {
        "name": "560 mV - Unstable",
        "hex": "808B08",
        "color": "Orange"
    },
    {
        "name": "570 mV - Unstable",
        "hex": "90B208",
        "color": "Orange"
    },
    {
        "name": "580 mV - Unstable",
        "hex": "A0D908",
        "color": "Orange"
    },
    {
        "name": "590 mV - Unstable",
        "hex": "B00009",
        "color": "Orange"
    },
    {
        "name": "600 mV",
        "hex": "C02709"
    },
    {
        "name": "625 mV",
        "hex": "688909"
    },
    {
        "name": "650 mV",
        "hex": "10EB09"
    },
    {
        "name": "675 mV",
        "hex": "B84C0A"
    },
    {
        "name": "700 mV",
        "hex": "60AE0A"
    },
    {
        "name": "750 mV",
        "hex": "b0710b"
    }
]