[
    {
        "name": "595mV",
        "hex": "530200"
    },
    {
        "name": "605mV",
        "hex": "5D0200"
    },
    {
        "name": "615mV",
        "hex": "670200"
    },
    {
        "name": "625mV",
        "hex": "710200"
    },
    {
        "name": "635mV",
        "hex": "7B0200"
    },
    {
        "name": "645mV",
        "hex": "850200"
    },
    {
        "name": "655mV",
        "hex": "8F0200"
    },
    {
        "name": "665mV",
        "hex": "990200"
    },
    {
        "name": "675mV",
        "hex": "A30200"
    },
    {
        "name": "685mV",
        "hex": "AD0200"
    },
    {
        "name": "695mV - Default",
        "hex": "B70200"
    },
    {
        "name": "705mV",
        "hex": "C10200"
    },
    {
        "name": "715mV",
        "hex": "CB0200"
    },
    {
        "name": "725mV",
        "hex": "D50200"
    },
    {
        "name": "735mV",
        "hex": "DF0200"
    },
    {
        "name": "745mV",
        "hex": "E90200"
    },
    {
        "name": "755mV",
        "hex": "F30200"
    },
    {
        "name": "765mV",
        "hex": "FD0200"
    },
    {
        "name": "775mV",
        "hex": "070300"
    },
    {
        "name": "785mV",
        "hex": "110300"
    }
]