[
    {
        "name": "770mV",
        "hex": "020300"
    },
    {
        "name": "780mV",
        "hex": "0C0300"
    },
    {
        "name": "790mV",
        "hex": "160300"
    },
    {
        "name": "800mV",
        "hex": "200300"
    },
    {
        "name": "810mV",
        "hex": "2A0300"
    },
    {
        "name": "820mV",
        "hex": "340300"
    },
    {
        "name": "830mV",
        "hex": "3E0300"
    },
    {
        "name": "840mV",
        "hex": "480300"
    },
    {
        "name": "850mV",
        "hex": "520300"
    },
    {
        "name": "860mV",
        "hex": "5C0300"
    },
    {
        "name": "870mV - Default",
        "hex": "660300"
    },
    {
        "name": "880mV",
        "hex": "700300"
    },
    {
        "name": "890mV",
        "hex": "7A0300"
    },
    {
        "name": "900mV",
        "hex": "840300"
    },
    {
        "name": "910mV",
        "hex": "8E0300"
    },
    {
        "name": "920mV",
        "hex": "980300"
    },
    {
        "name": "930mV",
        "hex": "A20300"
    },
    {
        "name": "940mV",
        "hex": "AC0300"
    },
    {
        "name": "950mV",
        "hex": "B60300"
    },
    {
        "name": "960mV",
        "hex": "C00300"
    }
]