[
    {
        "name": "395mV",
        "hex": "8B0100"
    },
    {
        "name": "405mV",
        "hex": "950100"
    },
    {
        "name": "415mV",
        "hex": "9F0100"
    },
    {
        "name": "425mV",
        "hex": "A90100"
    },
    {
        "name": "435mV",
        "hex": "B30100"
    },
    {
        "name": "445mV",
        "hex": "BD0100"
    },
    {
        "name": "455mV",
        "hex": "C70100"
    },
    {
        "name": "465mV",
        "hex": "D10100"
    },
    {
        "name": "475mV",
        "hex": "DB0100"
    },
    {
        "name": "485mV",
        "hex": "E50100"
    },
    {
        "name": "495mV - Default",
        "hex": "EF0100"
    },
    {
        "name": "505mV",
        "hex": "F90100"
    },
    {
        "name": "515mV",
        "hex": "030200"
    },
    {
        "name": "525mV",
        "hex": "0D0200"
    },
    {
        "name": "535mV",
        "hex": "170200"
    },
    {
        "name": "545mV",
        "hex": "210200"
    },
    {
        "name": "555mV",
        "hex": "2B0200"
    },
    {
        "name": "565mV",
        "hex": "350200"
    },
    {
        "name": "575mV",
        "hex": "3F0200"
    },
    {
        "name": "585mV",
        "hex": "490200"
    }
]