[
    {
        "name": "445mV",
        "hex": "BD0100"
    },
    {
        "name": "455mV",
        "hex": "C70100"
    },
    {
        "name": "465mV",
        "hex": "D10100"
    },
    {
        "name": "475mV",
        "hex": "DB0100"
    },
    {
        "name": "485mV",
        "hex": "E50100"
    },
    {
        "name": "495mV",
        "hex": "EF0100"
    },
    {
        "name": "505mV",
        "hex": "F90100"
    },
    {
        "name": "515mV",
        "hex": "030200"
    },
    {
        "name": "525mV",
        "hex": "0D0200"
    },
    {
        "name": "535mV",
        "hex": "170200"
    },
    {
        "name": "545mV - Default",
        "hex": "210200"
    },
    {
        "name": "555mV",
        "hex": "2B0200"
    },
    {
        "name": "565mV",
        "hex": "350200"
    },
    {
        "name": "575mV",
        "hex": "3F0200"
    },
    {
        "name": "585mV",
        "hex": "490200"
    },
    {
        "name": "595mV",
        "hex": "530200"
    },
    {
        "name": "605mV",
        "hex": "5D0200"
    },
    {
        "name": "615mV",
        "hex": "670200"
    },
    {
        "name": "625mV",
        "hex": "710200"
    },
    {
        "name": "635mV",
        "hex": "7B0200"
    }
]