[
    {
        "name": "470mV",
        "hex": "D60100"
    },
    {
        "name": "480mV",
        "hex": "E00100"
    },
    {
        "name": "490mV",
        "hex": "EA0100"
    },
    {
        "name": "500mV",
        "hex": "F40100"
    },
    {
        "name": "510mV",
        "hex": "FE0100"
    },
    {
        "name": "520mV",
        "hex": "080200"
    },
    {
        "name": "530mV",
        "hex": "120200"
    },
    {
        "name": "540mV",
        "hex": "1C0200"
    },
    {
        "name": "550mV",
        "hex": "260200"
    },
    {
        "name": "560mV",
        "hex": "300200"
    },
    {
        "name": "570mV - Default",
        "hex": "3A0200"
    },
    {
        "name": "580mV",
        "hex": "440200"
    },
    {
        "name": "590mV",
        "hex": "4E0200"
    },
    {
        "name": "600mV",
        "hex": "580200"
    },
    {
        "name": "610mV",
        "hex": "620200"
    },
    {
        "name": "620mV",
        "hex": "6C0200"
    },
    {
        "name": "630mV",
        "hex": "760200"
    },
    {
        "name": "640mV",
        "hex": "800200"
    },
    {
        "name": "650mV",
        "hex": "8A0200"
    },
    {
        "name": "660mV",
        "hex": "940200"
    }
]