[
    {
        "name": "495mV",
        "hex": "EF0100"
    },
    {
        "name": "505mV",
        "hex": "F90100"
    },
    {
        "name": "515mV",
        "hex": "030200"
    },
    {
        "name": "525mV",
        "hex": "0D0200"
    },
    {
        "name": "535mV",
        "hex": "170200"
    },
    {
        "name": "545mV",
        "hex": "210200"
    },
    {
        "name": "555mV",
        "hex": "2B0200"
    },
    {
        "name": "565mV",
        "hex": "350200"
    },
    {
        "name": "575mV",
        "hex": "3F0200"
    },
    {
        "name": "585mV",
        "hex": "490200"
    },
    {
        "name": "595mV - Default",
        "hex": "530200"
    },
    {
        "name": "605mV",
        "hex": "5D0200"
    },
    {
        "name": "615mV",
        "hex": "670200"
    },
    {
        "name": "625mV",
        "hex": "710200"
    },
    {
        "name": "635mV",
        "hex": "7B0200"
    },
    {
        "name": "645mV",
        "hex": "850200"
    },
    {
        "name": "655mV",
        "hex": "8F0200"
    },
    {
        "name": "665mV",
        "hex": "990200"
    },
    {
        "name": "675mV",
        "hex": "A30200"
    },
    {
        "name": "685mV",
        "hex": "AD0200"
    }
]