[
    {
        "name": "520mV",
        "hex": "080200"
    },
    {
        "name": "530mV",
        "hex": "120200"
    },
    {
        "name": "540mV",
        "hex": "1C0200"
    },
    {
        "name": "550mV",
        "hex": "260200"
    },
    {
        "name": "560mV",
        "hex": "300200"
    },
    {
        "name": "570mV",
        "hex": "3A0200"
    },
    {
        "name": "580mV",
        "hex": "440200"
    },
    {
        "name": "590mV",
        "hex": "4E0200"
    },
    {
        "name": "600mV",
        "hex": "580200"
    },
    {
        "name": "610mV",
        "hex": "620200"
    },
    {
        "name": "620mV - Default",
        "hex": "6C0200"
    },
    {
        "name": "630mV",
        "hex": "760200"
    },
    {
        "name": "640mV",
        "hex": "800200"
    },
    {
        "name": "650mV",
        "hex": "8A0200"
    },
    {
        "name": "660mV",
        "hex": "940200"
    },
    {
        "name": "670mV",
        "hex": "9E0200"
    },
    {
        "name": "680mV",
        "hex": "A80200"
    },
    {
        "name": "690mV",
        "hex": "B20200"
    },
    {
        "name": "700mV",
        "hex": "BC0200"
    },
    {
        "name": "710mV",
        "hex": "C60200"
    }
]