[
    {
        "name": "570mV",
        "hex": "3A0200"
    },
    {
        "name": "580mV",
        "hex": "440200"
    },
    {
        "name": "590mV",
        "hex": "4E0200"
    },
    {
        "name": "600mV",
        "hex": "580200"
    },
    {
        "name": "610mV",
        "hex": "620200"
    },
    {
        "name": "620mV",
        "hex": "6C0200"
    },
    {
        "name": "630mV",
        "hex": "760200"
    },
    {
        "name": "640mV",
        "hex": "800200"
    },
    {
        "name": "650mV",
        "hex": "8A0200"
    },
    {
        "name": "660mV",
        "hex": "940200"
    },
    {
        "name": "670mV - Default",
        "hex": "9E0200"
    },
    {
        "name": "680mV",
        "hex": "A80200"
    },
    {
        "name": "690mV",
        "hex": "B20200"
    },
    {
        "name": "700mV",
        "hex": "BC0200"
    },
    {
        "name": "710mV",
        "hex": "C60200"
    },
    {
        "name": "720mV",
        "hex": "D00200"
    },
    {
        "name": "730mV",
        "hex": "DA0200"
    },
    {
        "name": "740mV",
        "hex": "E40200"
    },
    {
        "name": "750mV",
        "hex": "EE0200"
    },
    {
        "name": "760mV",
        "hex": "F80200"
    }
]